id,project,runtime_dev,runtime_ci,runtime_compatible,dependency_dev,dependency_ci,dependency_compatible,os_dev,os_ci,os_compatible,config_dev,config_ci,config_compatible,resource_dev,resource_ci,resource_sufficient,environment_failure
1,project_a,20,18,0,compatible,compatible,1,ubuntu-24.04,ubuntu-22.04,1,same,same,1,sufficient,sufficient,1,1
2,project_a,20,20,1,compatible,compatible,1,ubuntu-24.04,ubuntu-24.04,1,same,same,1,sufficient,sufficient,1,0
3,project_b,18,18,1,incompatible,incompatible,0,ubuntu-22.04,ubuntu-22.04,1,same,same,1,sufficient,sufficient,1,1
4,project_b,18,18,1,compatible,compatible,1,ubuntu-22.04,ubuntu-22.04,1,same,same,1,sufficient,sufficient,1,0
5,project_c,22,20,0,compatible,compatible,1,ubuntu-24.04,ubuntu-22.04,1,same,same,1,sufficient,sufficient,1,1
6,project_c,22,20,1,compatible,compatible,1,ubuntu-24.04,ubuntu-22.04,1,same,same,1,sufficient,sufficient,1,0
7,project_d,20,20,1,compatible,compatible,1,ubuntu-24.04,ubuntu-22.04,0,different,different,0,sufficient,sufficient,1,1
8,project_d,20,20,1,compatible,compatible,1,ubuntu-24.04,ubuntu-22.04,1,different,different,1,sufficient,sufficient,1,0
9,project_e,18,16,0,compatible,compatible,1,ubuntu-22.04,ubuntu-22.04,1,same,same,1,sufficient,sufficient,1,1
10,project_e,18,16,1,compatible,compatible,1,ubuntu-22.04,ubuntu-22.04,1,same,same,1,sufficient,sufficient,1,0
11,project_f,20,20,1,compatible,compatible,1,ubuntu-24.04,ubuntu-22.04,1,same,same,1,sufficient,sufficient,1,0
12,project_f,20,20,1,incompatible,incompatible,0,ubuntu-24.04,ubuntu-22.04,1,same,same,1,sufficient,sufficient,1,1
13,project_g,20,18,1,compatible,compatible,1,ubuntu-24.04,ubuntu-22.04,1,same,same,1,sufficient,sufficient,1,0
14,project_g,20,18,0,compatible,compatible,1,ubuntu-24.04,ubuntu-22.04,1,same,same,1,sufficient,sufficient,1,1
15,project_h,22,22,1,compatible,compatible,1,ubuntu-24.04,ubuntu-24.04,1,different,different,1,sufficient,sufficient,1,0
16,project_h,22,22,1,compatible,compatible,1,ubuntu-24.04,ubuntu-24.04,1,different,different,0,sufficient,sufficient,1,1
17,project_i,18,18,1,compatible,compatible,1,ubuntu-22.04,ubuntu-22.04,1,same,same,1,high,low,0,1
18,project_i,18,18,1,compatible,compatible,1,ubuntu-22.04,ubuntu-22.04,1,same,same,1,sufficient,sufficient,1,0
19,project_j,20,19,1,compatible,compatible,1,ubuntu-24.04,ubuntu-22.04,1,same,same,1,sufficient,sufficient,1,0
20,project_j,20,19,0,compatible,compatible,1,ubuntu-24.04,ubuntu-22.04,1,same,same,1,sufficient,sufficient,1,1